{"ppx": 328.7347106933594, "ppy": 238.96812438964844, "fx": 607.7224731445312, "fy": 606.7443237304688}